Sat,1/30/2021,"  4,856 "
Sun,1/31/2021,"  6,074 "
Mon,2/1/2021,"  1,343 "
Tue,2/2/2021,"  1,430 "
Wed,2/3/2021,"  1,580 "
Thu,2/4/2021,"  1,602 "
Fri,2/5/2021,"  2,532 "
Sat,2/6/2021,"  5,975 "
Sun,2/7/2021,"  4,062 "
Mon,2/8/2021,"  1,955 "
Tue,2/9/2021,"  1,274 "
Wed,2/10/2021,"  1,507 "
Thu,2/11/2021,"  1,597 "
Fri,2/12/2021,"  2,239 "
Sat,2/13/2021,"  6,518 "
Sun,2/14/2021,"  7,574 "
Mon,2/15/2021,"  6,914 "
Tue,2/16/2021,"  2,099 "
Wed,2/17/2021,"  2,192 "
Thu,2/18/2021,"  2,254 "
Fri,2/19/2021,"  3,272 "
Sat,2/20/2021,"  6,558 "
Sun,2/21/2021,"  6,252 "
Mon,2/22/2021,"  1,777 "
Tue,2/23/2021,"  1,689 "
Wed,2/24/2021,"  1,938 "
Thu,2/25/2021,"  1,831 "
Fri,2/26/2021,"  2,422 "
Sat,2/27/2021,"  6,996 "
Sun,2/28/2021,"  6,548 "
Mon,3/1/2021,"  1,732 "
Tue,3/2/2021,"  1,558 "
Wed,3/3/2021,  355 
Thu,3/4/2021,"  1,739 "
Fri,3/5/2021,"  2,647 "
Sat,3/6/2021,"  6,965 "
Sun,3/7/2021,"  6,377 "
Mon,3/8/2021,"  1,978 "
Tue,3/9/2021,"  2,047 "
Wed,3/10/2021,  513 
Thu,3/11/2021,  911 
Fri,3/12/2021,"  2,442 "
Sat,3/13/2021,"  7,277 "
Sun,3/14/2021,"  6,316 "
Mon,3/15/2021,  874 
Tue,3/16/2021,"  2,465 "
Wed,3/17/2021,"  2,999 "
Thu,3/18/2021,"  2,681 "
Fri,3/19/2021,"  3,504 "
Sat,3/20/2021,"  8,149 "
Sun,3/21/2021,"  7,506 "
Mon,3/22/2021,"  3,257 "
Tue,3/23/2021,"  3,106 "
Wed,3/24/2021,"  3,869 "
Thu,3/25/2021,"  2,512 "
Fri,3/26/2021,"  4,554 "
Sat,3/27/2021,"  9,029 "
Sun,3/28/2021,"  8,441 "
Mon,3/29/2021,"  5,712 "
Tue,3/30/2021,"  6,594 "
Wed,3/31/2021,"  5,887 "
Thu,4/1/2021,"  5,073 "
Fri,4/2/2021,"  7,678 "
Sat,4/3/2021,"  8,468 "
Sun,4/4/2021,"  5,164 "
Mon,4/5/2021,"  4,742 "
Tue,4/6/2021,"  5,177 "
Wed,4/7/2021,"  5,351 "
Thu,4/8/2021,"  5,555 "
Fri,4/9/2021,"  5,982 "
Sat,4/10/2021,"  8,869 "
Sun,4/11/2021,"  6,150 "
Mon,4/12/2021,"  2,603 "
Tue,4/13/2021,"  2,414 "
Wed,4/14/2021,"  2,951 "
Thu,4/15/2021,"  2,848 "
Fri,4/16/2021,"  3,614 "
Sat,4/17/2021,"  8,386 "
Sun,4/18/2021,"  6,308 "
Mon,4/19/2021,"  1,734 "
Tue,4/20/2021,"  1,902 "
Wed,4/21/2021,"  1,981 "
Thu,4/22/2021,"  1,937 "
Fri,4/23/2021,"  3,282 "
Sat,4/24/2021,"  7,794 "
Sun,4/25/2021,"  6,833 "
Mon,4/26/2021,"  1,330 "
Tue,4/27/2021,"  2,148 "
Wed,4/28/2021,"  2,189 "
Thu,4/29/2021,"  1,897 "
Fri,4/30/2021,"  2,066 "
Sat,5/1/2021,"  6,599 "
Sun,5/2/2021,"  6,200 "
Mon,5/3/2021,"  2,195 "
Tue,5/4/2021,"  1,699 "
Wed,5/5/2021,"  3,211 "
Thu,5/6/2021,"  4,144 "
Fri,5/7/2021,"  2,721 "
Sat,5/8/2021,"  6,449 "
Sun,5/9/2021,"  5,556 "
Mon,5/10/2021,"  2,034 "
Tue,5/11/2021,"  1,971 "
Wed,5/12/2021,"  2,040 "
Thu,5/13/2021,"  2,007 "
Fri,5/14/2021,"  2,956 "
Sat,5/15/2021,"  7,234 "
Sun,5/16/2021,"  5,645 "
Mon,5/17/2021,"  2,078 "
Tue,5/18/2021,"  2,043 "
Wed,5/19/2021,"  2,078 "
Thu,5/20/2021,"  1,701 "
Fri,5/21/2021,"  3,194 "
Sat,5/22/2021,"  7,705 "
Sun,5/23/2021,"  6,275 "
Mon,5/24/2021,"  2,123 "
Tue,5/25/2021,"  1,698 "
Wed,5/26/2021,"  2,225 "
Thu,5/27/2021,"  2,633 "
Fri,5/28/2021,"  3,835 "
Sat,5/29/2021,"  8,996 "
Sun,5/30/2021,"  9,312 "
Mon,5/31/2021,"  7,206 "
Tue,6/1/2021,"  2,355 "
Wed,6/2/2021,"  2,201 "
Thu,6/3/2021,"  2,210 "
Fri,6/4/2021,"  3,087 "
Sat,6/5/2021,"  5,876 "
Sun,6/6/2021,"  5,431 "
Mon,6/7/2021,"  3,034 "
Tue,6/8/2021,"  3,028 "
Wed,6/9/2021,"  2,740 "
Thu,6/10/2021,"  3,299 "
Fri,6/11/2021,"  3,721 "
Sat,6/12/2021,"  5,674 "
Sun,6/13/2021,"  4,799 "
Mon,6/14/2021,"  2,525 "
Tue,6/15/2021,"  2,525 "
Wed,6/16/2021,"  3,002 "
Thu,6/17/2021,"  3,019 "
Fri,6/18/2021,"  4,417 "
Sat,6/19/2021,"  5,727 "
Sun,6/20/2021,"  5,251 "
Mon,6/21/2021,"  3,813 "
Tue,6/22/2021,"  4,363 "
Wed,6/23/2021,"  4,652 "
Thu,6/24/2021,"  5,104 "
Fri,6/25/2021,"  5,402 "
Sat,6/26/2021,"  6,859 "
Sun,6/27/2021,"  5,656 "
Mon,6/28/2021,"  4,257 "
Tue,6/29/2021,"  4,770 "
Wed,6/30/2021,"  4,436 "
Thu,7/1/2021,"  3,916 "
Fri,7/2/2021,"  5,638 "
Sat,7/3/2021,"  7,198 "
Sun,7/4/2021,"  4,486 "
Mon,7/5/2021,"  7,143 "
Tue,7/6/2021,"  4,443 "
Wed,7/7/2021,"  4,686 "
Thu,7/8/2021,"  4,317 "
Fri,7/9/2021,"  4,482 "
Sat,7/10/2021,"  5,808 "
Sun,7/11/2021,"  5,366 "
Mon,7/12/2021,"  3,851 "
Tue,7/13/2021,"  3,983 "
Wed,7/14/2021,"  4,298 "
Thu,7/15/2021,"  4,344 "
Fri,7/16/2021,"  4,896 "
Sat,7/17/2021,"  6,855 "
Sun,7/18/2021,"  6,204 "
Mon,7/19/2021,"  3,606 "
Tue,7/20/2021,"  3,716 "
Wed,7/21/2021,"  4,008 "
Thu,7/22/2021,"  3,955 "
Fri,7/23/2021,"  5,162 "
Sat,7/24/2021,"  7,082 "
Sun,7/25/2021,"  8,540 "
Mon,7/26/2021,"  5,152 "
Tue,7/27/2021,"  4,756 "
Wed,7/28/2021,"  4,330 "
Thu,7/29/2021,"  4,412 "
Fri,7/30/2021,"  5,270 "
Sat,7/31/2021,"  6,690 "
Sun,8/1/2021,"  5,429 "
Mon,8/2/2021,"  3,736 "
Tue,8/3/2021,"  3,645 "
Wed,8/4/2021,"  3,785 "
Thu,8/5/2021,"  4,211 "
Fri,8/6/2021,"  5,401 "
Sat,8/7/2021,"  7,101 "
Sun,8/8/2021,"  6,207 "
Mon,8/9/2021,"  4,162 "
Tue,8/10/2021,"  4,054 "
Wed,8/11/2021,"  2,970 "
Thu,8/12/2021,"  2,921 "
Fri,8/13/2021,"  3,817 "
Sat,8/14/2021,"  5,578 "
Sun,8/15/2021,"  5,161 "
Mon,8/16/2021,"  2,761 "
Tue,8/17/2021,"  2,773 "
Wed,8/18/2021,"  3,090 "
Thu,8/19/2021,"  3,057 "
Fri,8/20/2021,"  3,640 "
Sat,8/21/2021,"  7,199 "
Sun,8/22/2021,"  6,615 "
Mon,8/23/2021,"  2,852 "
Tue,8/24/2021,"  2,325 "
Wed,8/25/2021,"  2,011 "
Thu,8/26/2021,"  1,759 "
Fri,8/27/2021,"  2,082 "
Sat,8/28/2021,"  4,617 "
Sun,8/29/2021,"  4,021 "
Mon,8/30/2021,"  1,847 "
Tue,8/31/2021,"  1,986 "
Wed,9/1/2021,"  1,981 "
Thu,9/2/2021,"  2,121 "
Fri,9/3/2021,"  3,317 "
Sat,9/4/2021,"  6,286 "
Sun,9/5/2021,"  6,919 "
Mon,9/6/2021,"  6,017 "
Tue,9/7/2021,"  1,754 "
Wed,9/8/2021,"  1,379 "
Thu,9/9/2021,"  1,220 "
Fri,9/10/2021,"  1,627 "
Sat,9/11/2021,"  4,180 "
Sun,9/12/2021,"  3,349 "
Mon,9/13/2021,"  1,195 "
Tue,9/14/2021,"  1,354 "
Wed,9/15/2021,"  1,720 "
Thu,9/16/2021,"  2,061 "
Fri,9/17/2021,"  2,805 "
Sat,9/18/2021,"  6,582 "
Sun,9/19/2021,"  5,526 "
Mon,9/20/2021,"  2,016 "
Tue,9/21/2021,"  1,280 "
Wed,9/22/2021,"  1,132 "
Thu,9/23/2021,"  1,323 "
Fri,9/24/2021,"  2,200 "
Sat,9/25/2021,"  6,231 "
Sun,9/26/2021,"  5,804 "
Mon,9/27/2021,"  2,760 "
Tue,9/28/2021,"  2,118 "
Wed,9/29/2021,"  2,239 "
Thu,9/30/2021,"  1,724 "
Fri,10/1/2021,"  2,486 "
Sat,10/2/2021,"  5,356 "
Sun,10/3/2021,"  4,534 "
Mon,10/4/2021,"  2,047 "
Tue,10/5/2021,"  2,076 "
Wed,10/6/2021,"  2,488 "
Thu,10/7/2021,"  3,329 "
Fri,10/8/2021,"  3,352 "
Sat,10/9/2021,"  9,391 "
Sun,10/10/2021,"  7,620 "
Mon,10/11/2021,"  5,517 "
Tue,10/12/2021,"  2,593 "
Wed,10/13/2021,"  2,705 "
Thu,10/14/2021,"  3,296 "
Fri,10/15/2021,"  3,814 "
Sat,10/16/2021,"  7,617 "
Sun,10/17/2021,"  7,792 "
Mon,10/18/2021,"  3,047 "
Tue,10/19/2021,"  2,509 "
Wed,10/20/2021,"  2,659 "
Thu,10/21/2021,"  2,963 "
Fri,10/22/2021,"  4,043 "
Sat,10/23/2021,"  8,745 "
Sun,10/24/2021,"  8,883 "
Mon,10/25/2021,"  1,281 "
Tue,10/26/2021,"  2,249 "
Wed,10/27/2021,"  2,697 "
Thu,10/28/2021,"  2,699 "
Fri,10/29/2021,"  3,581 "
Sat,10/30/2021,"  7,747 "
Sun,10/31/2021,"  4,288 "
Mon,11/1/2021,"  1,953 "
Tue,11/2/2021,"  1,684 "
Wed,11/3/2021,"  1,833 "
Thu,11/4/2021,"  2,065 "
Fri,11/5/2021,"  2,698 "
Sat,11/6/2021,"  5,661 "
Sun,11/7/2021,"  5,204 "
Mon,11/8/2021,"  1,811 "
Tue,11/9/2021,"  1,720 "
Wed,11/10/2021,"  2,104 "
Thu,11/11/2021,"  6,756 "
Fri,11/12/2021,"  4,557 "
Sat,11/13/2021,"  5,000 "
Sun,11/14/2021,"  4,287 "
Mon,11/15/2021,"  1,708 "
Tue,11/16/2021,"  1,946 "
Wed,11/17/2021,"  1,878 "
Thu,11/18/2021,"  1,835 "
Fri,11/19/2021,"  2,516 "
Sat,11/20/2021,"  5,574 "
Sun,11/21/2021,"  5,007 "
Mon,11/22/2021,"  5,247 "
Tue,11/23/2021,"  7,218 "
Wed,11/24/2021,"  6,096 "
Thu,11/25/2021,"  4,153 "
Fri,11/26/2021,"  9,016 "
Sat,11/27/2021,"  8,172 "
Sun,11/28/2021,"  4,853 "
Mon,11/29/2021,"  1,598 "
Tue,11/30/2021,"  1,446 "
Wed,12/1/2021,"  1,539 "
Thu,12/2/2021,"  1,271 "
Fri,12/3/2021,"  2,057 "
Sat,12/4/2021,"  5,239 "
Sun,12/5/2021,"  4,819 "
Mon,12/6/2021,"  1,517 "
Tue,12/7/2021,"  1,010 "
Wed,12/8/2021,"  2,083 "
Thu,12/9/2021,  551 
Fri,12/10/2021,"  2,491 "
Sat,12/11/2021,"  5,438 "
Sun,12/12/2021,"  5,238 "
Mon,12/13/2021,"  1,244 "
Tue,12/14/2021,  102 
Wed,12/15/2021,"  1,550 "
Thu,12/16/2021,"  1,521 "
Fri,12/17/2021,"  2,060 "
Sat,12/18/2021,"  5,315 "
Sun,12/19/2021,"  6,557 "
Mon,12/20/2021,"  5,414 "
Tue,12/21/2021,"  6,040 "
Wed,12/22/2021,"  7,081 "
Thu,12/23/2021,"  3,318 "
Fri,12/24/2021,"  1,879 "
Sat,12/25/2021,"  2,557 "
Sun,12/26/2021,"  10,033 "
Mon,12/27/2021,"  5,829 "
Tue,12/28/2021,"  7,562 "
Wed,12/29/2021,"  4,086 "
Thu,12/30/2021,"  4,740 "
Fri,12/31/2021,"  7,618 "
Sat,1/1/2022,"  8,836 "
Sun,1/2/2022,"  7,441 "
Mon,1/3/2022,"  4,075 "
Tue,1/4/2022,"  2,691 "
Wed,1/5/2022,"  2,865 "
Thu,1/6/2022,"  3,030 "
Fri,1/7/2022,"  3,290 "
Sat,1/8/2022,"  5,542 "
Sun,1/9/2022,"  5,686 "
Mon,1/10/2022,"  1,846 "
Tue,1/11/2022,"  1,718 "
Wed,1/12/2022,"  1,774 "
Thu,1/13/2022,"  1,837 "
Fri,1/14/2022,"  3,121 "
Sat,1/15/2022,"  5,345 "
Sun,1/16/2022,"  7,709 "
Mon,1/17/2022,"  7,325 "
Tue,1/18/2022,"  1,547 "
Wed,1/19/2022,"  1,903 "
Thu,1/20/2022,"  2,192 "
Fri,1/21/2022,"  2,758 "
Sat,1/22/2022,"  6,495 "
Sun,1/23/2022,"  6,139 "
Mon,1/24/2022,"  1,849 "
Tue,1/25/2022,"  1,823 "
Wed,1/26/2022,"  2,135 "
Thu,1/27/2022,"  2,408 "
Fri,1/28/2022,"  2,735 "
Sat,1/29/2022,"  7,379 "
Sun,1/30/2022,"  5,981 "
Mon,1/31/2022,"  2,257 "
Tue,2/1/2022,"  2,125 "
Wed,2/2/2022,"  2,380 "
Thu,2/3/2022,"  2,421 "
Fri,2/4/2022,"  3,519 "
Sat,2/5/2022,"  8,407 "
Sun,2/6/2022,"  7,674 "
Mon,2/7/2022,"  2,944 "
Tue,2/8/2022,"  3,253 "
Wed,2/9/2022,"  2,789 "
Thu,2/10/2022,"  2,570 "
Fri,2/11/2022,"  3,382 "
Sat,2/12/2022,"  6,935 "
Sun,2/13/2022,"  4,292 "
Mon,2/14/2022,"  3,918 "
Tue,2/15/2022,"  1,078 "
Wed,2/16/2022,"  4,249 "
Thu,2/17/2022,"  5,255 "
Fri,2/18/2022,"  8,154 "
Sat,2/19/2022,"  11,516 "
Sun,2/20/2022,"  13,054 "
Mon,2/21/2022,"  10,823 "
Tue,2/22/2022,"  2,458 "
Wed,2/23/2022,"  2,950 "
Thu,2/24/2022,"  7,617 "
Fri,2/25/2022,"  7,972 "
Sat,2/26/2022,"  10,643 "
Sun,2/27/2022,"  10,172 "
Mon,2/28/2022,"  6,353 "
Tue,3/1/2022,"  1,743 "
Wed,3/2/2022,"  2,027 "
Thu,3/3/2022,"  2,559 "
Fri,3/4/2022,"  1,779 "
Sat,3/5/2022,"  5,949 "
Sun,3/6/2022,"  6,887 "
Mon,3/7/2022,"  2,766 "
Tue,3/8/2022,"  2,448 "
Wed,3/9/2022,"  2,647 "
Thu,3/10/2022,"  2,578 "
Fri,3/11/2022,"  4,579 "
Sat,3/12/2022,"  7,272 "
Sun,3/13/2022,"  7,588 "
Mon,3/14/2022,"  3,623 "
Tue,3/15/2022,"  3,504 "
Wed,3/16/2022,"  4,287 "
Thu,3/17/2022,"  3,501 "
Fri,3/18/2022,"  4,083 "
Sat,3/19/2022,"  9,189 "
Sun,3/20/2022,"  8,024 "
Mon,3/21/2022,"  5,134 "
Tue,3/22/2022,"  3,906 "
Wed,3/23/2022,"  3,437 "
Thu,3/24/2022,"  4,332 "
Fri,3/25/2022,"  5,380 "
Sat,3/26/2022,"  9,224 "
Sun,3/27/2022,"  8,338 "
Mon,3/28/2022,"  1,494 "
Tue,3/29/2022,"  4,946 "
Wed,3/30/2022,"  5,816 "
Thu,3/31/2022,"  6,133 "
Fri,4/1/2022,"  5,870 "
Sat,4/2/2022,"  8,245 "
Sun,4/3/2022,"  7,760 "
Mon,4/4/2022,"  5,128 "
Tue,4/5/2022,"  5,414 "
Wed,4/6/2022,"  4,185 "
Thu,4/7/2022,"  2,956 "
Fri,4/8/2022,"  3,062 "
Sat,4/9/2022,"  6,663 "
Sun,4/10/2022,"  8,251 "
Mon,4/11/2022,"  6,263 "
Tue,4/12/2022,"  6,367 "
Wed,4/13/2022,"  7,209 "
Thu,4/14/2022,"  7,073 "
Fri,4/15/2022,"  7,877 "
Sat,4/16/2022,"  8,561 "
Sun,4/17/2022,"  5,813 "
Mon,4/18/2022,"  5,041 "
Tue,4/19/2022,"  4,835 "
Wed,4/20/2022,"  5,368 "
Thu,4/21/2022,"  5,490 "
Fri,4/22/2022,"  5,989 "
Sat,4/23/2022,"  9,071 "
Sun,4/24/2022,"  6,414 "
Mon,4/25/2022,"  2,096 "
Tue,4/26/2022,"  2,684 "
Wed,4/27/2022,"  3,257 "
Thu,4/28/2022,"  3,275 "
Fri,4/29/2022,"  4,148 "
Sat,4/30/2022,"  8,293 "
Sun,5/1/2022,"  7,031 "
Mon,5/2/2022,"  2,358 "
Tue,5/3/2022,"  2,814 "
Wed,5/4/2022,"  2,553 "
Thu,5/5/2022,"  2,743 "
Fri,5/6/2022,"  3,055 "
Sat,5/7/2022,"  6,838 "
Sun,5/8/2022,"  7,127 "
Mon,5/9/2022,"  2,407 "
Tue,5/10/2022,"  4,143 "
Wed,5/11/2022,"  4,201 "
Thu,5/12/2022,"  5,099 "
Fri,5/13/2022,"  3,990 "
Sat,5/14/2022,"  5,107 "
Sun,5/15/2022,"  5,098 "
Mon,5/16/2022,"  2,641 "
Tue,5/17/2022,"  3,156 "
Wed,5/18/2022,"  2,615 "
Thu,5/19/2022,"  4,005 "
Fri,5/20/2022,"  5,491 "
Sat,5/21/2022,"  7,669 "
Sun,5/22/2022,"  7,076 "
Mon,5/23/2022,"  2,914 "
Tue,5/24/2022,"  3,143 "
Wed,5/25/2022,"  3,126 "
Thu,5/26/2022,"  2,930 "
Fri,5/27/2022,"  5,166 "
Sat,5/28/2022,"  9,145 "
Sun,5/29/2022,"  10,130 "
Mon,5/30/2022,"  8,139 "
Tue,5/31/2022,"  3,428 "
Wed,6/1/2022,"  3,596 "
Thu,6/2/2022,"  3,197 "
Fri,6/3/2022,"  3,877 "
Sat,6/4/2022,"  7,141 "
Sun,6/5/2022,"  6,417 "
Mon,6/6/2022,"  3,663 "
Tue,6/7/2022,"  3,181 "
Wed,6/8/2022,"  3,470 "
Thu,6/9/2022,"  3,445 "
Fri,6/10/2022,"  4,381 "
Sat,6/11/2022,"  5,294 "
Sun,6/12/2022,"  4,806 "
Mon,6/13/2022,"  4,575 "
Tue,6/14/2022,"  3,600 "
Wed,6/15/2022,"  4,148 "
Thu,6/16/2022,"  3,624 "
Fri,6/17/2022,"  5,152 "
Sat,6/18/2022,"  7,742 "
Sun,6/19/2022,"  6,728 "
Mon,6/20/2022,"  5,066 "
Tue,6/21/2022,"  3,370 "
Wed,6/22/2022,"  2,986 "
Thu,6/23/2022,"  3,660 "
Fri,6/24/2022,"  3,642 "
Sat,6/25/2022,"  5,018 "
Sun,6/26/2022,"  4,304 "
Mon,6/27/2022,"  3,104 "
Tue,6/28/2022,"  2,867 "
Wed,6/29/2022,"  2,950 "
Thu,6/30/2022,"  3,566 "
Fri,7/1/2022,"  4,185 "
Sat,7/2/2022,"  6,652 "
Sun,7/3/2022,"  8,210 "
Mon,7/4/2022,"  4,178 "
Tue,7/5/2022,"  4,133 "
Wed,7/6/2022,"  5,181 "
Thu,7/7/2022,"  4,483 "
Fri,7/8/2022,"  4,622 "
Sat,7/9/2022,"  6,447 "
Sun,7/10/2022,"  5,732 "
Mon,7/11/2022,"  3,419 "
Tue,7/12/2022,"  3,960 "
Wed,7/13/2022,"  3,921 "
Thu,7/14/2022,"  4,438 "
Fri,7/15/2022,"  4,329 "
Sat,7/16/2022,"  6,480 "
Sun,7/17/2022,"  5,481 "
Mon,7/18/2022,"  3,601 "
Tue,7/19/2022,"  3,281 "
Wed,7/20/2022,"  3,767 "
Thu,7/21/2022,"  3,867 "
Fri,7/22/2022,"  4,608 "
Sat,7/23/2022,"  6,559 "
Sun,7/24/2022,"  6,094 "
Mon,7/25/2022,"  4,156 "
Tue,7/26/2022,"  4,143 "
Wed,7/27/2022,"  4,334 "
Thu,7/28/2022,"  4,520 "
Fri,7/29/2022,"  5,431 "
Sat,7/30/2022,"  6,974 "
Sun,7/31/2022,"  6,057 "
Mon,8/1/2022,"  3,032 "
Tue,8/2/2022,"  3,198 "
Wed,8/3/2022,"  3,583 "
Thu,8/4/2022,"  4,014 "
Fri,8/5/2022,"  4,487 "
Sat,8/6/2022,"  5,888 "
Sun,8/7/2022,"  4,634 "
Mon,8/8/2022,"  2,868 "
Tue,8/9/2022,"  2,757 "
Wed,8/10/2022,"  2,502 "
Thu,8/11/2022,"  2,699 "
Fri,8/12/2022,"  3,356 "
Sat,8/13/2022,"  4,852 "
Sun,8/14/2022,"  3,888 "
Mon,8/15/2022,"  2,530 "
Tue,8/16/2022,"  2,080 "
Wed,8/17/2022,"  2,016 "
Thu,8/18/2022,"  2,164 "
Fri,8/19/2022,"  2,583 "
Sat,8/20/2022,"  5,143 "
Sun,8/21/2022,"  5,269 "
Mon,8/22/2022,"  2,363 "
Tue,8/23/2022,"  2,070 "
Wed,8/24/2022,"  1,893 "
Thu,8/25/2022,"  2,137 "
Fri,8/26/2022,"  2,559 "
Sat,8/27/2022,"  5,475 "
Sun,8/28/2022,"  4,373 "
Mon,8/29/2022,"  1,920 "
Tue,8/30/2022,"  1,178 "
Wed,8/31/2022,"  1,142 "
Thu,9/1/2022,  922 
Fri,9/2/2022,"  1,458 "
Sat,9/3/2022,"  2,926 "
Sun,9/4/2022,"  3,206 "
Mon,9/5/2022,"  1,804 "
Tue,9/6/2022,  722 
Wed,9/7/2022,  587 
Thu,9/8/2022,  705 
Fri,9/9/2022,  735 
Sat,9/10/2022,"  4,173 "
Sun,9/11/2022,"  3,833 "
Mon,9/12/2022,"  1,258 "
Tue,9/13/2022,"  1,553 "
Wed,9/14/2022,"  1,543 "
Thu,9/15/2022,"  1,676 "
Fri,9/16/2022,"  2,605 "
Sat,9/17/2022,"  6,056 "
Sun,9/18/2022,"  5,434 "
Mon,9/19/2022,"  2,534 "
Tue,9/20/2022,"  1,604 "
Wed,9/21/2022,"  1,834 "
Thu,9/22/2022,"  1,812 "
Fri,9/23/2022,"  2,281 "
Sat,9/24/2022,"  4,002 "
Sun,9/25/2022,"  3,323 "
Mon,9/26/2022,"  1,361 "
Tue,9/27/2022,"  1,173 "
Wed,9/28/2022,"  1,194 "
Thu,9/29/2022,"  1,563 "
Fri,9/30/2022,"  2,792 "
Sat,10/1/2022,"  6,599 "
Sun,10/2/2022,"  5,811 "
Mon,10/3/2022,"  2,848 "
Tue,10/4/2022,"  2,301 "
Wed,10/5/2022,"  2,223 "
Thu,10/6/2022,"  3,349 "
Fri,10/7/2022,"  4,282 "
Sat,10/8/2022,"  7,350 "
Sun,10/9/2022,"  6,886 "
Mon,10/10/2022,"  6,415 "
Tue,10/11/2022,"  3,072 "
Wed,10/12/2022,"  2,519 "
Thu,10/13/2022,"  3,465 "
Fri,10/14/2022,"  4,562 "
Sat,10/15/2022,"  6,981 "
Sun,10/16/2022,"  7,097 "
Mon,10/17/2022,"  3,808 "
Tue,10/18/2022,"  2,070 "
Wed,10/19/2022,"  2,906 "
Thu,10/20/2022,"  3,174 "
Fri,10/21/2022,"  4,437 "
Sat,10/22/2022,"  8,409 "
Sun,10/23/2022,"  7,180 "
Mon,10/24/2022,"  2,817 "
Tue,10/25/2022,"  2,984 "
Wed,10/26/2022,"  2,992 "
Thu,10/27/2022,"  3,397 "
Fri,10/28/2022,"  4,352 "
Sat,10/29/2022,"  7,699 "
Sun,10/30/2022,"  6,217 "
Mon,10/31/2022,"  2,315 "
Tue,11/1/2022,"  1,826 "
Wed,11/2/2022,"  1,173 "
Thu,11/3/2022,"  2,009 "
Fri,11/4/2022,"  3,354 "
Sat,11/5/2022,"  6,283 "
Sun,11/6/2022,"  5,792 "
Mon,11/7/2022,"  1,802 "
Tue,11/8/2022,  291 
Wed,11/9/2022,"  1,601 "
Thu,11/10/2022,"  2,244 "
Fri,11/11/2022,"  7,769 "
Sat,11/12/2022,"  6,600 "
Sun,11/13/2022,"  5,072 "
Mon,11/14/2022,"  1,961 "
Tue,11/15/2022,"  1,832 "
Wed,11/16/2022,"  1,632 "
Thu,11/17/2022,"  2,144 "
Fri,11/18/2022,"  2,704 "
Sat,11/19/2022,"  4,610 "
Sun,11/20/2022,"  5,075 "
Mon,11/21/2022,"  4,987 "
Tue,11/22/2022,"  6,001 "
Wed,11/23/2022,"  5,536 "
Thu,11/24/2022,"  3,608 "
Fri,11/25/2022,"  9,140 "
Sat,11/26/2022,"  8,758 "
Sun,11/27/2022,"  4,218 "
Mon,11/28/2022,"  1,293 "
Tue,11/29/2022,"  1,136 "
Wed,11/30/2022,"  1,722 "
Thu,12/1/2022,"  1,594 "
Fri,12/2/2022,"  2,438 "
Sat,12/3/2022,"  5,081 "
Sun,12/4/2022,"  4,570 "
Mon,12/5/2022,"  1,592 "
Tue,12/6/2022,"  1,459 "
Wed,12/7/2022,"  1,757 "
Thu,12/8/2022,"  1,748 "
Fri,12/9/2022,"  2,586 "
Sat,12/10/2022,"  5,966 "
Sun,12/11/2022,  668 
Mon,12/12/2022,  667 
Tue,12/13/2022,"  1,410 "
Wed,12/14/2022,"  1,671 "
Thu,12/15/2022,"  1,484 "
Fri,12/16/2022,"  2,273 "
Sat,12/17/2022,"  5,353 "
Sun,12/18/2022,"  5,650 "
Mon,12/19/2022,"  4,277 "
Tue,12/20/2022,"  4,731 "
Wed,12/21/2022,"  5,023 "
Thu,12/22/2022,"  6,563 "
Fri,12/23/2022,"  7,530 "
Sat,12/24/2022,"  3,680 "
Sun,12/25/2022,"  3,860 "
Mon,12/26/2022,"  13,277 "
Tue,12/27/2022,"  10,749 "
Wed,12/28/2022,"  8,388 "
Thu,12/29/2022,"  10,099 "
Fri,12/30/2022,"  9,571 "
Sat,12/31/2022,"  4,337 "
Sun,1/1/2023,"  2,504 "
Mon,1/2/2023,"  8,040 "
Tue,1/3/2023,"  1,253 "
Wed,1/4/2023,"  2,806 "
Thu,1/5/2023,  563 
Fri,1/6/2023,"  4,439 "
Sat,1/7/2023,"  6,236 "
Sun,1/8/2023,"  5,446 "
Mon,1/9/2023,"  2,077 "
Tue,1/10/2023,  192 
Wed,1/11/2023,"  1,545 "
Thu,1/12/2023,"  2,174 "
Fri,1/13/2023,"  3,019 "
Sat,1/14/2023,"  1,789 "
Sun,1/15/2023,"  3,348 "
Mon,1/16/2023,"  1,237 "
Tue,1/17/2023,"  1,212 "
Wed,1/18/2023,"  2,508 "
Thu,1/19/2023,"  2,061 "
Fri,1/20/2023,"  2,546 "
Sat,1/21/2023,"  6,409 "
Sun,1/22/2023,"  5,437 "
Mon,1/23/2023,"  1,863 "
Tue,1/24/2023,"  1,854 "
Wed,1/25/2023,"  2,392 "
Thu,1/26/2023,"  1,739 "
Fri,1/27/2023,"  3,003 "
Sat,1/28/2023,"  7,293 "
Sun,1/29/2023,"  2,591 "
Mon,1/30/2023,  532 
Tue,1/31/2023,"  1,809 "
Wed,2/1/2023,"  2,404 "
Thu,2/2/2023,"  2,389 "
Fri,2/3/2023,"  3,320 "
Sat,2/4/2023,"  7,994 "
Sun,2/5/2023,"  7,103 "
Mon,2/6/2023,"  2,319 "
Tue,2/7/2023,"  2,602 "
Wed,2/8/2023,"  2,931 "
Thu,2/9/2023,"  3,346 "
Fri,2/10/2023,"  3,843 "
Sat,2/11/2023,"  7,124 "
Sun,2/12/2023,"  4,842 "
Mon,2/13/2023,"  3,015 "
Tue,2/14/2023,"  1,246 "
Wed,2/15/2023,"  2,911 "
Thu,2/16/2023,"  3,246 "
Fri,2/17/2023,"  6,931 "
Sat,2/18/2023,"  9,680 "
Sun,2/19/2023,"  11,284 "
Mon,2/20/2023,"  11,848 "
Tue,2/21/2023,"  5,979 "
Wed,2/22/2023,"  2,514 "
Thu,2/23/2023,"  1,159 "
Fri,2/24/2023,"  2,123 "
Sat,2/25/2023,  612 
Sun,2/26/2023,"  6,580 "
Mon,2/27/2023,"  3,422 "
Tue,2/28/2023,"  2,349 "
Wed,3/1/2023,  357 
Thu,3/2/2023,"  2,009 "
Fri,3/3/2023,"  3,278 "
Sat,3/4/2023,"  5,599 "
Sun,3/5/2023,"  6,577 "
Mon,3/6/2023,"  1,807 "
Tue,3/7/2023,"  2,239 "
Wed,3/8/2023,"  2,198 "
Thu,3/9/2023,"  3,263 "
Fri,3/10/2023,"  1,887 "
Sat,3/11/2023,"  3,887 "
Sun,3/12/2023,"  6,553 "
Mon,3/13/2023,"  4,237 "
Tue,3/14/2023,"  2,779 "
Wed,3/15/2023,"  1,035 "
Thu,3/16/2023,"  4,413 "
Fri,3/17/2023,"  5,804 "
Sat,3/18/2023,"  8,171 "
Sun,3/19/2023,"  6,880 "
Mon,3/20/2023,"  1,907 "
Tue,3/21/2023,  506 
Wed,3/22/2023,"  1,817 "
Thu,3/23/2023,"  2,661 "
Fri,3/24/2023,"  4,340 "
Sat,3/25/2023,"  8,596 "
Sun,3/26/2023,"  8,195 "
Mon,3/27/2023,"  5,490 "
Tue,3/28/2023,"  6,095 "
Wed,3/29/2023,"  1,635 "
Thu,3/30/2023,"  2,206 "
Fri,3/31/2023,"  7,361 "
Sat,4/1/2023,"  8,518 "
Sun,4/2/2023,"  8,211 "
Mon,4/3/2023,"  5,026 "
Tue,4/4/2023,"  6,303 "
Wed,4/5/2023,"  6,587 "
Thu,4/6/2023,"  6,786 "
Fri,4/7/2023,"  8,155 "
Sat,4/8/2023,"  8,105 "
Sun,4/9/2023,"  5,770 "
Mon,4/10/2023,"  5,744 "
Tue,4/11/2023,"  5,895 "
Wed,4/12/2023,"  5,817 "
Thu,4/13/2023,"  5,412 "
Fri,4/14/2023,"  6,804 "
Sat,4/15/2023,"  7,942 "
Sun,4/16/2023,"  6,526 "
Mon,4/17/2023,"  2,371 "
Tue,4/18/2023,"  2,933 "
Wed,4/19/2023,"  2,822 "
Thu,4/20/2023,"  3,098 "
Fri,4/21/2023,"  4,324 "
Sat,4/22/2023,"  5,846 "
Sun,4/23/2023,"  6,744 "
Mon,4/24/2023,"  2,934 "
Tue,4/25/2023,"  3,206 "
Wed,4/26/2023,"  2,501 "
Thu,4/27/2023,"  3,745 "
Fri,4/28/2023,"  4,439 "
Sat,4/29/2023,"  6,735 "
Sun,4/30/2023,"  6,621 "
Mon,5/1/2023,"  2,541 "
Tue,5/2/2023,"  3,863 "
Wed,5/3/2023,"  4,881 "
Thu,5/4/2023,"  1,946 "
Fri,5/5/2023,"  3,006 "
Sat,5/6/2023,"  6,677 "
Sun,5/7/2023,"  6,118 "
Mon,5/8/2023,"  2,464 "
Tue,5/9/2023,"  2,746 "
Wed,5/10/2023,"  2,141 "
Thu,5/11/2023,"  2,341 "
Fri,5/12/2023,"  4,307 "
Sat,5/13/2023,"  6,831 "
Sun,5/14/2023,"  6,658 "
Mon,5/15/2023,"  2,240 "
Tue,5/16/2023,"  3,327 "
Wed,5/17/2023,"  2,933 "
Thu,5/18/2023,"  2,914 "
Fri,5/19/2023,"  4,377 "
Sat,5/20/2023,"  6,725 "
Sun,5/21/2023,"  6,303 "
Mon,5/22/2023,"  2,534 "
Tue,5/23/2023,"  3,062 "
Wed,5/24/2023,"  2,561 "
Thu,5/25/2023,"  3,975 "
Fri,5/26/2023,"  4,718 "
Sat,5/27/2023,"  9,152 "
Sun,5/28/2023,"  10,509 "
Mon,5/29/2023,"  7,999 "
Tue,5/30/2023,"  3,848 "
Wed,5/31/2023,"  3,287 "
Thu,6/1/2023,"  3,499 "
Fri,6/2/2023,"  4,945 "
Sat,6/3/2023,"  8,305 "
Sun,6/4/2023,"  7,152 "
Mon,6/5/2023,"  4,170 "
Tue,6/6/2023,"  3,815 "
Wed,6/7/2023,"  3,195 "
Thu,6/8/2023,"  4,439 "
Fri,6/9/2023,"  4,646 "
Sat,6/10/2023,"  6,857 "
Sun,6/11/2023,"  5,561 "
Mon,6/12/2023,"  4,540 "
Tue,6/13/2023,"  4,161 "
Wed,6/14/2023,"  3,946 "
Thu,6/15/2023,"  4,485 "
Fri,6/16/2023,"  5,161 "
Sat,6/17/2023,"  6,289 "
Sun,6/18/2023,"  6,636 "
Mon,6/19/2023,"  6,633 "
Tue,6/20/2023,"  3,873 "
Wed,6/21/2023,"  3,654 "
Thu,6/22/2023,"  4,871 "
Fri,6/23/2023,"  5,129 "
Sat,6/24/2023,"  6,976 "
Sun,6/25/2023,"  6,023 "
Mon,6/26/2023,"  3,946 "
Tue,6/27/2023,"  4,155 "
Wed,6/28/2023,"  4,086 "
Thu,6/29/2023,"  4,459 "
Fri,6/30/2023,"  4,469 "
Sat,7/1/2023,"  6,369 "
Sun,7/2/2023,"  6,824 "
Mon,7/3/2023,"  6,534 "
Tue,7/4/2023,"  3,900 "
Wed,7/5/2023,"  3,803 "
Thu,7/6/2023,"  5,049 "
Fri,7/7/2023,"  5,198 "
Sat,7/8/2023,"  6,942 "
Sun,7/9/2023,"  6,051 "
Mon,7/10/2023,"  3,359 "
Tue,7/11/2023,"  3,221 "
Wed,7/12/2023,"  2,910 "
Thu,7/13/2023,"  2,868 "
Fri,7/14/2023,"  3,450 "
Sat,7/15/2023,"  4,756 "
Sun,7/16/2023,"  3,998 "
Mon,7/17/2023,"  2,988 "
Tue,7/18/2023,"  2,975 "
Wed,7/19/2023,"  2,757 "
Thu,7/20/2023,"  2,863 "
Fri,7/21/2023,"  3,128 "
Sat,7/22/2023,"  4,964 "
Sun,7/23/2023,"  5,365 "
Mon,7/24/2023,"  3,249 "
Tue,7/25/2023,"  2,811 "
Wed,7/26/2023,"  2,868 "
Thu,7/27/2023,"  3,104 "
Fri,7/28/2023,"  3,949 "
Sat,7/29/2023,"  5,053 "
Sun,7/30/2023,"  4,891 "
Mon,7/31/2023,"  3,387 "
Tue,8/1/2023,"  2,856 "
Wed,8/2/2023,"  3,196 "
Thu,8/3/2023,"  3,628 "
Fri,8/4/2023,"  4,135 "
Sat,8/5/2023,"  4,978 "
Sun,8/6/2023,"  4,112 "
Mon,8/7/2023,"  2,797 "
Tue,8/8/2023,"  2,759 "
Wed,8/9/2023,"  3,014 "
Thu,8/10/2023,"  3,936 "
Fri,8/11/2023,"  4,345 "
Sat,8/12/2023,"  6,170 "
Sun,8/13/2023,"  5,136 "
Mon,8/14/2023,"  2,722 "
Tue,8/15/2023,"  2,284 "
Wed,8/16/2023,"  1,956 "
Thu,8/17/2023,"  2,133 "
Fri,8/18/2023,"  2,756 "
Sat,8/19/2023,"  4,562 "
Sun,8/20/2023,"  4,500 "
Mon,8/21/2023,"  2,065 "
Tue,8/22/2023,"  1,992 "
Wed,8/23/2023,"  1,908 "
Thu,8/24/2023,"  2,009 "
Fri,8/25/2023,"  2,620 "
Sat,8/26/2023,"  4,340 "
Sun,8/27/2023,"  3,464 "
Mon,8/28/2023,"  1,030 "
Tue,8/29/2023,  843 
Wed,8/30/2023,  937 
Thu,8/31/2023,"  1,549 "
Fri,9/1/2023,"  2,491 "
Sat,9/2/2023,"  5,925 "
Sun,9/3/2023,"  8,348 "
Mon,9/4/2023,"  6,556 "
Tue,9/5/2023,"  1,531 "
Wed,9/6/2023,"  1,594 "
Thu,9/7/2023,"  1,311 "
Fri,9/8/2023,"  1,475 "
Sat,9/9/2023,"  3,099 "
Sun,9/10/2023,"  3,017 "
Mon,9/11/2023,"  1,214 "
Tue,9/12/2023,"  1,131 "
Wed,9/13/2023,"  1,427 "
Thu,9/14/2023,"  1,633 "
Fri,9/15/2023,"  2,405 "
Sat,9/16/2023,"  5,879 "
Sun,9/17/2023,"  4,954 "
Mon,9/18/2023,"  2,205 "
Tue,9/19/2023,"  1,604 "
Wed,9/20/2023,"  1,665 "
Thu,9/21/2023,"  1,872 "
Fri,9/22/2023,"  2,576 "
Sat,9/23/2023,"  5,233 "
Sun,9/24/2023,"  4,683 "
Mon,9/25/2023,"  2,022 "
Tue,9/26/2023,"  1,516 "
Wed,9/27/2023,"  1,573 "
Thu,9/28/2023,"  1,954 "
Fri,9/29/2023,"  3,087 "
Sat,9/30/2023,"  4,775 "
Sun,10/1/2023,"  5,207 "
Mon,10/2/2023,"  2,920 "
Tue,10/3/2023,"  2,571 "
Wed,10/4/2023,"  1,994 "
Thu,10/5/2023,"  2,943 "
Fri,10/6/2023,"  3,610 "
Sat,10/7/2023,"  5,347 "
Sun,10/8/2023,"  5,023 "
Mon,10/9/2023,"  6,696 "
Tue,10/10/2023,"  2,683 "
Wed,10/11/2023,"  2,675 "
Thu,10/12/2023,"  3,583 "
Fri,10/13/2023,"  4,590 "
Sat,10/14/2023,"  7,585 "
Sun,10/15/2023,"  6,295 "
Mon,10/16/2023,"  2,586 "
Tue,10/17/2023,"  2,895 "
Wed,10/18/2023,"  2,498 "
Thu,10/19/2023,"  2,835 "
Fri,10/20/2023,"  3,811 "
Sat,10/21/2023,"  7,117 "
Sun,10/22/2023,"  6,969 "
Mon,10/23/2023,"  3,492 "
Tue,10/24/2023,"  2,584 "
Wed,10/25/2023,"  2,797 "
Thu,10/26/2023,"  3,686 "
Fri,10/27/2023,"  4,632 "
Sat,10/28/2023,"  7,305 "
Sun,10/29/2023,"  6,476 "
Mon,10/30/2023,"  3,039 "
Tue,10/31/2023,"  1,548 "
Wed,11/1/2023,"  1,394 "
Thu,11/2/2023,"  1,800 "
Fri,11/3/2023,"  3,184 "
Sat,11/4/2023,"  4,865 "
Sun,11/5/2023,"  4,747 "
Mon,11/6/2023,"  1,671 "
Tue,11/7/2023,"  1,981 "
Wed,11/8/2023,"  2,066 "
Thu,11/9/2023,"  2,488 "
Fri,11/10/2023,"  7,425 "
Sat,11/11/2023,"  6,279 "
Sun,11/12/2023,"  4,424 "
Mon,11/13/2023,"  1,847 "
Tue,11/14/2023,"  2,047 "
Wed,11/15/2023,"  1,323 "
Thu,11/16/2023,"  2,238 "
Fri,11/17/2023,"  2,142 "
Sat,11/18/2023,"  4,332 "
Sun,11/19/2023,"  5,025 "
Mon,11/20/2023,"  4,878 "
Tue,11/21/2023,"  5,299 "
Wed,11/22/2023,"  4,950 "
Thu,11/23/2023,"  3,761 "
Fri,11/24/2023,"  9,227 "
Sat,11/25/2023,"  8,354 "
Sun,11/26/2023,"  5,347 "
Mon,11/27/2023,"  1,459 "
Tue,11/28/2023,"  1,812 "
Wed,11/29/2023,"  1,855 "
Thu,11/30/2023,"  1,455 "
Fri,12/1/2023,"  2,045 "
Sat,12/2/2023,"  5,122 "
Sun,12/3/2023,"  4,407 "
Mon,12/4/2023,"  1,251 "
Tue,12/5/2023,"  1,692 "
Wed,12/6/2023,"  1,334 "
Thu,12/7/2023,"  1,844 "
Fri,12/8/2023,"  2,160 "
Sat,12/9/2023,"  5,731 "
Sun,12/10/2023,"  4,849 "
Mon,12/11/2023,"  1,412 "
Tue,12/12/2023,"  1,542 "
Wed,12/13/2023,"  1,304 "
Thu,12/14/2023,"  1,282 "
Fri,12/15/2023,"  2,346 "
Sat,12/16/2023,"  5,924 "
Sun,12/17/2023,"  5,796 "
Mon,12/18/2023,"  3,677 "
Tue,12/19/2023,"  4,287 "
Wed,12/20/2023,"  3,625 "
Thu,12/21/2023,"  3,301 "
Fri,12/22/2023,"  3,098 "
Sat,12/23/2023,"  7,535 "
Sun,12/24/2023,"  3,771 "
Mon,12/25/2023,"  4,036 "
Tue,12/26/2023,"  9,775 "
Wed,12/27/2023,"  10,879 "
Thu,12/28/2023,"  12,039 "
Fri,12/29/2023,"  12,241 "
Sat,12/30/2023,"  5,902 "
Sun,12/31/2023,"  7,270 "
Mon,1/1/2024,"  6,040 "
Tue,1/2/2024,"  5,450 "
Wed,1/3/2024,"  1,789 "
Thu,1/4/2024,"  5,452 "
Fri,1/5/2024,"  5,093 "
Sat,1/6/2024,"  5,981 "
Sun,1/7/2024,"  4,836 "
Mon,1/8/2024,"  1,886 "
Tue,1/9/2024,"  1,447 "
Wed,1/10/2024,"  1,430 "
Thu,1/11/2024,"  1,521 "
Fri,1/12/2024,"  1,999 "
Sat,1/13/2024,"  6,127 "
Sun,1/14/2024,"  6,492 "
Mon,1/15/2024,"  7,538 "
Tue,1/16/2024,"  1,797 "
Wed,1/17/2024,"  1,575 "
Thu,1/18/2024,"  1,867 "
Fri,1/19/2024,"  2,836 "
Sat,1/20/2024,"  2,488 "
Sun,1/21/2024,"  1,494 "
Mon,1/22/2024,  731 
Tue,1/23/2024,"  1,476 "
Wed,1/24/2024,"  1,561 "
Thu,1/25/2024,"  1,475 "
Fri,1/26/2024,"  2,871 "
Sat,1/27/2024,"  6,944 "
Sun,1/28/2024,"  5,429 "
Mon,1/29/2024,"  2,299 "
Tue,1/30/2024,"  1,883 "
Wed,1/31/2024,"  1,948 "
Thu,2/1/2024,  115 
Fri,2/2/2024,"  1,476 "
Sat,2/3/2024,"  6,885 "
Sun,2/4/2024,"  5,590 "
Mon,2/5/2024,  384 
Tue,2/6/2024,  371 
Wed,2/7/2024,  680 
Thu,2/8/2024,"  1,386 "
Fri,2/9/2024,"  2,017 "
Sat,2/10/2024,"  6,510 "
Sun,2/11/2024,"  4,825 "
Mon,2/12/2024,"  3,456 "
Tue,2/13/2024,"  3,387 "
Wed,2/14/2024,"  4,082 "
Thu,2/15/2024,"  4,668 "
Fri,2/16/2024,"  7,628 "
Sat,2/17/2024,"  9,129 "
Sun,2/18/2024,"  10,515 "
Mon,2/19/2024,"  8,663 "
Tue,2/20/2024,  991 
Wed,2/21/2024,"  2,940 "
Thu,2/22/2024,"  6,787 "
Fri,2/23/2024,"  7,520 "
Sat,2/24/2024,"  9,587 "
Sun,2/25/2024,"  8,934 "
Mon,2/26/2024,"  3,223 "
Tue,2/27/2024,"  4,272 "
Wed,2/28/2024,"  5,828 "
Thu,2/29/2024,"  5,643 "
Fri,3/1/2024,"  2,918 "
Sat,3/2/2024,"  2,959 "
Sun,3/3/2024,"  4,138 "
Mon,3/4/2024,"  1,902 "
Tue,3/5/2024,"  2,045 "
Wed,3/6/2024,"  1,422 "
Thu,3/7/2024,"  2,323 "
Fri,3/8/2024,"  4,141 "
Sat,3/9/2024,"  6,775 "
Sun,3/10/2024,"  6,351 "
Mon,3/11/2024,"  3,554 "
Tue,3/12/2024,"  2,829 "
Wed,3/13/2024,"  3,045 "
Thu,3/14/2024,"  3,408 "
Fri,3/15/2024,"  3,962 "
Sat,3/16/2024,"  7,553 "
Sun,3/17/2024,"  6,776 "
Mon,3/18/2024,"  3,325 "
Tue,3/19/2024,"  3,523 "
Wed,3/20/2024,"  3,296 "
Thu,3/21/2024,"  4,075 "
Fri,3/22/2024,"  4,746 "
Sat,3/23/2024,"  5,404 "
Sun,3/24/2024,"  3,538 "
Mon,3/25/2024,"  4,902 "
Tue,3/26/2024,"  5,392 "
Wed,3/27/2024,"  6,088 "
Thu,3/28/2024,"  6,203 "
Fri,3/29/2024,"  8,335 "
Sat,3/30/2024,"  1,060 "
Sun,3/31/2024,"  2,373 "
Mon,4/1/2024,"  7,043 "
Tue,4/2/2024,"  6,681 "
Wed,4/3/2024,"  6,472 "
Thu,4/4/2024,"  7,608 "
Fri,4/5/2024,"  2,695 "
Sat,4/6/2024,"  8,737 "
Sun,4/7/2024,"  6,713 "
Mon,4/8/2024,"  3,106 "
Tue,4/9/2024,"  2,891 "
Wed,4/10/2024,"  2,941 "
Thu,4/11/2024,"  3,550 "
Fri,4/12/2024,"  4,787 "
Sat,4/13/2024,"  6,057 "
Sun,4/14/2024,"  6,502 "
Mon,4/15/2024,"  2,968 "
Tue,4/16/2024,"  2,561 "
Wed,4/17/2024,"  2,703 "
Thu,4/18/2024,"  3,293 "
Fri,4/19/2024,"  4,503 "
Sat,4/20/2024,"  7,268 "
Sun,4/21/2024,"  6,549 "
Mon,4/22/2024,"  2,788 "
Tue,4/23/2024,"  3,046 "
Wed,4/24/2024,"  5,577 "
Thu,4/25/2024,"  3,200 "
Fri,4/26/2024,"  4,242 "
Sat,4/27/2024,"  8,362 "
Sun,4/28/2024,"  6,551 "
Mon,4/29/2024,"  2,592 "
Tue,4/30/2024,"  2,671 "
Wed,5/1/2024,"  2,061 "
Thu,5/2/2024,"  2,439 "
Fri,5/3/2024,"  4,184 "
Sat,5/4/2024,"  6,752 "
Sun,5/5/2024,"  5,069 "
Mon,5/6/2024,"  2,668 "
Tue,5/7/2024,"  2,436 "
Wed,5/8/2024,"  2,102 "
Thu,5/9/2024,"  2,033 "
Fri,5/10/2024,"  4,083 "
Sat,5/11/2024,"  6,726 "
Sun,5/12/2024,"  6,821 "
Mon,5/13/2024,"  2,018 "
Tue,5/14/2024,"  2,552 "
Wed,5/15/2024,"  2,326 "
Thu,5/16/2024,"  3,553 "
Fri,5/17/2024,"  4,072 "
Sat,5/18/2024,"  6,989 "
Sun,5/19/2024,"  5,741 "
Mon,5/20/2024,"  2,820 "
Tue,5/21/2024,"  2,744 "
Wed,5/22/2024,"  2,794 "
Thu,5/23/2024,"  3,502 "
Fri,5/24/2024,"  4,239 "
Sat,5/25/2024,"  8,377 "
Sun,5/26/2024,"  9,452 "
Mon,5/27/2024,"  7,093 "
Tue,5/28/2024,"  3,517 "
Wed,5/29/2024,"  3,262 "
Thu,5/30/2024,"  3,197 "
Fri,5/31/2024,"  4,487 "
Sat,6/1/2024,"  7,252 "
Sun,6/2/2024,"  6,271 "
Mon,6/3/2024,"  3,616 "
Tue,6/4/2024,"  3,050 "
Wed,6/5/2024,"  2,665 "
Thu,6/6/2024,"  3,476 "
Fri,6/7/2024,"  4,401 "
Sat,6/8/2024,"  6,297 "
Sun,6/9/2024,"  6,039 "
Mon,6/10/2024,"  3,423 "
Tue,6/11/2024,"  3,614 "
Wed,6/12/2024,"  3,279 "
Thu,6/13/2024,"  3,746 "
Fri,6/14/2024,"  4,272 "
Sat,6/15/2024,"  5,032 "
Sun,6/16/2024,"  4,994 "
Mon,6/17/2024,"  3,654 "
Tue,6/18/2024,"  3,602 "
Wed,6/19/2024,"  6,255 "
Thu,6/20/2024,"  4,281 "
Fri,6/21/2024,"  4,089 "
Sat,6/22/2024,"  4,955 "
Sun,6/23/2024,"  3,398 "
Mon,6/24/2024,"  2,073 "
Tue,6/25/2024,"  2,337 "
Wed,6/26/2024,"  2,458 "
Thu,6/27/2024,"  3,458 "
Fri,6/28/2024,"  3,424 "
Sat,6/29/2024,"  4,836 "
Sun,6/30/2024,"  3,900 "
Mon,7/1/2024,"  2,811 "
Tue,7/2/2024,"  3,443 "
Wed,7/3/2024,"  3,233 "
Thu,7/4/2024,"  3,178 "
Fri,7/5/2024,"  5,134 "
Sat,7/6/2024,"  5,364 "
Sun,7/7/2024,"  3,770 "
Mon,7/8/2024,"  2,616 "
Tue,7/9/2024,"  2,079 "
Wed,7/10/2024,"  2,283 "
Thu,7/11/2024,"  2,723 "
Fri,7/12/2024,"  3,062 "
Sat,7/13/2024,"  4,641 "
Sun,7/14/2024,"  4,081 "
Mon,7/15/2024,"  3,131 "
Tue,7/16/2024,"  2,940 "
Wed,7/17/2024,"  3,172 "
Thu,7/18/2024,"  2,988 "
Fri,7/19/2024,"  2,742 "
Sat,7/20/2024,"  4,588 "
Sun,7/21/2024,"  3,895 "
Mon,7/22/2024,"  2,797 "
Tue,7/23/2024,"  2,616 "
Wed,7/24/2024,"  2,372 "
Thu,7/25/2024,"  2,338 "
Fri,7/26/2024,"  2,944 "
Sat,7/27/2024,"  4,789 "
Sun,7/28/2024,"  4,808 "
Mon,7/29/2024,"  3,446 "
Tue,7/30/2024,"  3,120 "
Wed,7/31/2024,"  3,020 "
Thu,8/1/2024,"  3,329 "
Fri,8/2/2024,"  3,345 "
Sat,8/3/2024,"  4,045 "
Sun,8/4/2024,"  3,330 "
Mon,8/5/2024,"  2,151 "
Tue,8/6/2024,"  2,056 "
Wed,8/7/2024,"  2,610 "
Thu,8/8/2024,"  2,930 "
Fri,8/9/2024,"  3,211 "
Sat,8/10/2024,"  4,615 "
Sun,8/11/2024,"  4,054 "
Mon,8/12/2024,"  2,064 "
Tue,8/13/2024,"  1,771 "
Wed,8/14/2024,"  1,697 "
Thu,8/15/2024,"  1,920 "
Fri,8/16/2024,"  2,198 "
Sat,8/17/2024,"  4,396 "
Sun,8/18/2024,"  3,551 "
Mon,8/19/2024,"  1,866 "
Tue,8/20/2024,"  1,186 "
Wed,8/21/2024,"  1,194 "
Thu,8/22/2024,"  1,560 "
Fri,8/23/2024,"  2,253 "
Sat,8/24/2024,"  4,277 "
Sun,8/25/2024,"  3,585 "
Mon,8/26/2024,"  1,191 "
Tue,8/27/2024,"  1,315 "
Wed,8/28/2024,"  1,379 "
Thu,8/29/2024,"  1,547 "
Fri,8/30/2024,"  2,585 "
Sat,8/31/2024,"  5,394 "
Sun,9/1/2024,"  6,387 "
Mon,9/2/2024,"  5,031 "
Tue,9/3/2024,  875 
Wed,9/4/2024,  648 
Thu,9/5/2024,  582 
Fri,9/6/2024,  712 
Sat,9/7/2024,"  1,373 "
Sun,9/8/2024,  971 
Mon,9/9/2024,  452 
Tue,9/10/2024,  536 
Wed,9/11/2024,"  1,104 "
Thu,9/12/2024,"  1,673 "
Fri,9/13/2024,"  2,229 "
Sat,9/14/2024,"  5,167 "
Sun,9/15/2024,"  4,925 "
Mon,9/16/2024,"  1,883 "
Tue,9/17/2024,"  1,998 "
Wed,9/18/2024,"  1,598 "
Thu,9/19/2024,"  1,730 "
Fri,9/20/2024,"  2,586 "
Sat,9/21/2024,"  5,069 "
Sun,9/22/2024,"  4,049 "
Mon,9/23/2024,"  1,706 "
Tue,9/24/2024,"  1,502 "
Wed,9/25/2024,"  1,881 "
Thu,9/26/2024,"  1,932 "
Fri,9/27/2024,"  2,647 "
Sat,9/28/2024,"  5,140 "
Sun,9/29/2024,"  4,032 "
Mon,9/30/2024,"  1,924 "
Tue,10/1/2024,"  1,427 "
Wed,10/2/2024,"  1,145 "
Thu,10/3/2024,"  2,013 "
Fri,10/4/2024,"  3,856 "
Sat,10/5/2024,"  4,488 "
Sun,10/6/2024,"  4,151 "
Mon,10/7/2024,"  2,040 "
Tue,10/8/2024,"  1,568 "
Wed,10/9/2024,"  2,329 "
Thu,10/10/2024,"  2,980 "
Fri,10/11/2024,"  3,917 "
Sat,10/12/2024,"  6,349 "
Sun,10/13/2024,"  6,003 "
Mon,10/14/2024,"  3,975 "
Tue,10/15/2024,"  2,791 "
Wed,10/16/2024,"  2,302 "
Thu,10/17/2024,"  2,822 "
Fri,10/18/2024,"  4,006 "
Sat,10/19/2024,"  7,218 "
Sun,10/20/2024,"  5,321 "
Mon,10/21/2024,"  2,852 "
Tue,10/22/2024,"  2,861 "
Wed,10/23/2024,"  1,866 "
Thu,10/24/2024,"  2,562 "
Fri,10/25/2024,"  3,402 "
Sat,10/26/2024,"  5,370 "
Sun,10/27/2024,"  5,486 "
Mon,10/28/2024,"  3,024 "
Tue,10/29/2024,"  2,868 "
Wed,10/30/2024,"  2,681 "
Thu,10/31/2024,"  1,936 "
Fri,11/1/2024,"  3,139 "
Sat,11/2/2024,"  4,741 "
Sun,11/3/2024,"  4,975 "
Mon,11/4/2024,"  1,511 "
Tue,11/5/2024,"  1,508 "
Wed,11/6/2024,"  1,647 "
Thu,11/7/2024,"  2,033 "
Fri,11/8/2024,"  3,293 "
Sat,11/9/2024,"  6,161 "
Sun,11/10/2024,"  6,253 "
Mon,11/11/2024,"  6,394 "
Tue,11/12/2024,"  1,757 "
Wed,11/13/2024,"  1,443 "
Thu,11/14/2024,"  1,977 "
Fri,11/15/2024,"  2,758 "
Sat,11/16/2024,"  5,475 "
Sun,11/17/2024,"  4,491 "
Mon,11/18/2024,"  1,693 "
Tue,11/19/2024,"  1,579 "
Wed,11/20/2024,"  1,916 "
Thu,11/21/2024,"  2,237 "
Fri,11/22/2024,"  2,670 "
Sat,11/23/2024,"  4,976 "
Sun,11/24/2024,"  4,893 "
Mon,11/25/2024,"  4,592 "
Tue,11/26/2024,"  4,868 "
Wed,11/27/2024,"  4,793 "
Thu,11/28/2024,"  3,026 "
Fri,11/29/2024,"  9,180 "
Sat,11/30/2024,"  8,150 "
Sun,12/1/2024,"  4,490 "
Mon,12/2/2024,"  1,361 "
Tue,12/3/2024,"  1,403 "
Wed,12/4/2024,"  1,828 "
Thu,12/5/2024,"  1,201 "
Fri,12/6/2024,"  2,173 "
Sat,12/7/2024,"  5,388 "
Sun,12/8/2024,"  4,507 "
Mon,12/9/2024,"  1,738 "
Tue,12/10/2024,"  1,427 "
Wed,12/11/2024,"  1,317 "
Thu,12/12/2024,"  1,356 "
Fri,12/13/2024,"  2,052 "
Sat,12/14/2024,"  5,662 "
Sun,12/15/2024,"  4,869 "
Mon,12/16/2024,"  1,524 "
Tue,12/17/2024,"  1,994 "
Wed,12/18/2024,"  1,336 "
Thu,12/19/2024,"  1,793 "
Fri,12/20/2024,"  1,944 "
Sat,12/21/2024,"  6,305 "
Sun,12/22/2024,"  6,815 "
Mon,12/23/2024,"  7,127 "
Tue,12/24/2024,"  3,251 "
Wed,12/25/2024,"  3,637 "
Thu,12/26/2024,"  8,453 "
Fri,12/27/2024,"  9,813 "
Sat,12/28/2024,"  10,869 "
Sun,12/29/2024,"  10,194 "
Mon,12/30/2024,"  9,095 "
Tue,12/31/2024,"  5,889 "
Wed,1/1/2025,"  7,747 "
Thu,1/2/2025,"  6,288 "
Fri,1/3/2025,"  6,583 "
Sat,1/4/2025,"  7,477 "
Sun,1/5/2025,"  5,590 "
Mon,1/6/2025,"  2,343 "
Tue,1/7/2025,"  1,697 "
Wed,1/8/2025,"  1,633 "
Thu,1/9/2025,"  2,542 "
Fri,1/10/2025,"  2,404 "
Sat,1/11/2025,"  5,030 "
Sun,1/12/2025,"  4,716 "
Mon,1/13/2025,"  1,818 "
Tue,1/14/2025,"  1,228 "
Wed,1/15/2025,"  1,477 "
Thu,1/16/2025,"  1,572 "
Fri,1/17/2025,"  2,936 "
Sat,1/18/2025,"  5,847 "
Sun,1/19/2025,"  6,956 "
Mon,1/20/2025,"  7,477 "
Tue,1/21/2025,"  1,328 "
Wed,1/22/2025,"  1,550 "
Thu,1/23/2025,"  1,647 "
Fri,1/24/2025,"  2,303 "
Sat,1/25/2025,"  4,627 "
Sun,1/26/2025,"  1,727 "
Mon,1/27/2025,"  1,392 "
Tue,1/28/2025,"  1,268 "
Wed,1/29/2025,"  1,658 "
Thu,1/30/2025,"  1,540 "
Fri,1/31/2025,"  2,710 "
Sat,2/1/2025,"  6,113 "
Sun,2/2/2025,"  6,169 "
Mon,2/3/2025,"  2,564 "
Tue,2/4/2025,"  2,126 "
Wed,2/5/2025,"  2,554 "
Thu,2/6/2025,"  2,381 "
Fri,2/7/2025,"  1,798 "
Sat,2/8/2025,"  6,475 "
Sun,2/9/2025,"  4,791 "
Mon,2/10/2025,"  3,729 "
Tue,2/11/2025,"  2,620 "
Wed,2/12/2025,  534 
Thu,2/13/2025,  684 
Fri,2/14/2025,"  2,493 "
Sat,2/15/2025,"  8,780 "
Sun,2/16/2025,"  10,316 "
Mon,2/17/2025,"  9,715 "
Tue,2/18/2025,"  5,287 "
Wed,2/19/2025,"  6,218 "
Thu,2/20/2025,"  5,728 "
Fri,2/21/2025,"  7,055 "
Sat,2/22/2025,"  9,137 "
Sun,2/23/2025,"  8,470 "
Mon,2/24/2025,"  5,403 "
Tue,2/25/2025,"  5,287 "
Wed,2/26/2025,"  5,240 "
Thu,2/27/2025,"  4,813 "
Fri,2/28/2025,"  6,534 "
Sat,3/1/2025,"  5,448 "
Sun,3/2/2025,"  4,277 "
Mon,3/3/2025,"  1,588 "
Tue,3/4/2025,"  1,848 "
Wed,3/5/2025,"  1,110 "
Thu,3/6/2025,  936 
Fri,3/7/2025,"  2,740 "
Sat,3/8/2025,"  6,960 "
Sun,3/9/2025,"  5,714 "
Mon,3/10/2025,"  2,582 "
Tue,3/11/2025,  818 
Wed,3/12/2025,"  1,822 "
Thu,3/13/2025,  511 
Fri,3/14/2025,"  1,424 "
Sat,3/15/2025,"  6,396 "
Sun,3/16/2025,"  6,120 "
Mon,3/17/2025,"  2,790 "
Tue,3/18/2025,"  3,146 "
Wed,3/19/2025,"  2,966 "
Thu,3/20/2025,"  3,958 "
Fri,3/21/2025,"  4,366 "
Sat,3/22/2025,"  7,247 "
Sun,3/23/2025,"  6,379 "
Mon,3/24/2025,"  3,143 "
Tue,3/25/2025,"  3,119 "
Wed,3/26/2025,"  3,579 "
Thu,3/27/2025,"  4,301 "
Fri,3/28/2025,"  4,695 "
Sat,3/29/2025,"  8,428 "
Sun,3/30/2025,"  7,333 "
Mon,3/31/2025,"  2,946 "
Tue,4/1/2025,"  3,692 "
Wed,4/2/2025,"  3,825 "
Thu,4/3/2025,"  3,971 "
Fri,4/4/2025,"  5,630 "
Sat,4/5/2025,"  6,934 "
Sun,4/6/2025,"  5,811 "
Mon,4/7/2025,"  3,708 "
Tue,4/8/2025,"  3,207 "
Wed,4/9/2025,"  3,486 "
Thu,4/10/2025,"  3,324 "
Fri,4/11/2025,"  3,807 "
Sat,4/12/2025,"  6,291 "
Sun,4/13/2025,"  6,393 "
Mon,4/14/2025,"  4,051 "
Tue,4/15/2025,"  4,338 "
Wed,4/16/2025,"  4,389 "
Thu,4/17/2025,"  5,262 "
Fri,4/18/2025,"  5,964 "
Sat,4/19/2025,"  7,420 "
Sun,4/20/2025,"  5,086 "
Mon,4/21/2025,"  3,558 "
Tue,4/22/2025,"  2,765 "
Wed,4/23/2025,"  3,449 "
Thu,4/24/2025,"  3,210 "
Fri,4/25/2025,"  4,186 "
Sat,4/26/2025,"  5,544 "
Sun,4/27/2025,"  5,763 "
Mon,4/28/2025,"  2,611 "
Tue,4/29/2025,"  3,825 "
Wed,4/30/2025,"  4,560 "
Thu,5/1/2025,"  2,992 "
Fri,5/2/2025,"  2,759 "
Sat,5/3/2025,"  5,594 "
Sun,5/4/2025,"  3,497 "
Mon,5/5/2025,"  2,093 "
Tue,5/6/2025,"  2,541 "
Wed,5/7/2025,"  2,346 "
Thu,5/8/2025,"  2,845 "
Fri,5/9/2025,"  2,499 "
Sat,5/10/2025,"  3,174 "
Sun,5/11/2025,"  3,862 "
Mon,5/12/2025,"  2,214 "
Tue,5/13/2025,"  2,694 "
Wed,5/14/2025,"  2,701 "
Thu,5/15/2025,"  3,167 "
Fri,5/16/2025,"  2,976 "
Sat,5/17/2025,"  5,987 "
Sun,5/18/2025,"  5,484 "
Mon,5/19/2025,"  2,261 "
Tue,5/20/2025,"  1,758 "
Wed,5/21/2025,"  1,220 "
Thu,5/22/2025,"  2,377 "
Fri,5/23/2025,"  3,093 "
Sat,5/24/2025,"  7,663 "
Sun,5/25/2025,"  8,117 "
Mon,5/26/2025,"  7,062 "
Tue,5/27/2025,"  2,898 "
Wed,5/28/2025,"  3,377 "
Thu,5/29/2025,"  3,298 "
Fri,5/30/2025,"  2,569 "
Sat,5/31/2025,"  4,703 "
Sun,6/1/2025,"  4,558 "
Mon,6/2/2025,"  3,062 "
Tue,6/3/2025,"  3,136 "
Wed,6/4/2025,"  2,745 "
Thu,6/5/2025,"  3,336 "
Fri,6/6/2025,"  3,989 "
Sat,6/7/2025,"  5,770 "
Sun,6/8/2025,"  5,658 "
Mon,6/9/2025,"  3,162 "
Tue,6/10/2025,"  3,314 "
Wed,6/11/2025,"  2,728 "
Thu,6/12/2025,"  2,784 "
Fri,6/13/2025,"  3,671 "
Sat,6/14/2025,"  5,548 "
Sun,6/15/2025,"  3,628 "
Mon,6/16/2025,"  2,341 "
Tue,6/17/2025,"  2,393 "
Wed,6/18/2025,"  2,409 "
Thu,6/19/2025,"  5,191 "
Fri,6/20/2025,"  4,166 "
Sat,6/21/2025,"  5,988 "
Sun,6/22/2025,"  4,654 "
Mon,6/23/2025,"  3,034 "
Tue,6/24/2025,"  3,321 "
Wed,6/25/2025,"  3,015 "
Thu,6/26/2025,"  3,272 "
Fri,6/27/2025,"  3,417 "
Sat,6/28/2025,"  4,430 "
Sun,6/29/2025,"  3,976 "
Mon,6/30/2025,"  2,738 "